Big Pos, , , Big Force, , , BigTheta, , , BigTorque, , ,      Torq Est, , , Resid, , BigPosIdx
X, Y, Z,X, Y, Z,X, Y, Z,X, Y, Z,X, Y, Z,X, Y, Z, 
4.60,0.40,0.00,0.00,0.00,20.00,0.00,-1.44,0.00,8.00,-92.00,0.00,5.05,-77.81,0.00,2.95,-14.19,0.00
4.60,0.40,0.00,0.00,0.00,20.00,0.06,-1.31,-0.06,8.00,-92.00,0.00,0.91,-70.35,0.00,7.09,-21.65,0.00
4.60,0.40,0.00,0.00,0.00,20.00,0.00,-1.69,0.00,8.00,-92.00,0.00,5.93,-91.34,0.00,2.07,-0.66,0.00
4.60,0.40,0.00,0.00,0.00,40.00,-0.06,-3.19,-0.06,16.00,-184.00,0.00,13.37,-172.68,0.00,2.63,-11.32,0.00
4.60,0.40,0.00,0.00,0.00,40.00,-0.06,-3.06,-0.06,16.00,-184.00,0.00,12.93,-165.92,0.00,3.07,-18.08,0.00
4.60,0.40,0.00,0.00,0.00,40.00,-0.19,-2.69,-0.19,16.00,-184.00,0.00,15.96,-145.94,0.00,0.04,-38.06,0.00
4.60,0.40,0.00,0.00,0.00,60.00,-0.12,-5.00,-0.19,24.00,-276.00,0.00,21.15,-270.68,0.00,2.85,-5.32,0.00
4.60,0.40,0.00,0.00,0.00,60.00,-0.06,-4.69,-0.12,24.00,-276.00,0.00,17.88,-253.61,0.00,6.12,-22.39,0.00
4.60,0.40,0.00,0.00,0.00,60.00,-0.12,-5.12,-0.19,24.00,-276.00,0.00,21.59,-277.44,0.00,2.41,1.44,0.00
4.60,0.40,0.00,0.00,0.00,80.00,-0.25,-6.56,-0.25,32.00,-368.00,0.00,31.75,-355.84,0.00,0.25,-12.16,0.00
4.60,0.40,0.00,0.00,0.00,80.00,-0.19,-6.94,-0.25,32.00,-368.00,0.00,30.13,-375.71,0.00,1.87,7.71,0.00
4.60,0.40,0.00,0.00,0.00,80.00,-0.25,-6.75,-0.31,32.00,-368.00,0.00,31.64,-365.72,0.00,0.36,-2.28,0.00
4.60,0.40,0.00,0.00,0.00,100.00,-0.25,-8.56,-0.31,40.00,-460.00,0.00,38.01,-463.82,0.00,1.99,3.82,0.00
4.60,0.40,0.00,0.00,0.00,100.00,-0.12,-8.88,-0.31,40.00,-460.00,0.00,33.23,-479.88,0.00,6.77,19.88,0.00
4.60,0.40,0.00,0.00,0.00,100.00,-0.19,-8.00,-0.25,40.00,-460.00,0.00,33.86,-433.21,0.00,6.14,-26.79,0.00
4.60,0.40,0.00,0.00,0.00,120.00,-0.38,-10.31,-0.44,48.00,-552.00,0.00,48.50,-558.86,0.00,-0.50,6.86,0.00
4.60,0.40,0.00,0.00,0.00,120.00,-0.38,-10.81,-0.44,48.00,-552.00,0.00,50.26,-585.92,0.00,-2.26,33.92,0.00
4.60,0.40,0.00,0.00,0.00,120.00,-0.31,-10.38,-0.44,48.00,-552.00,0.00,45.79,-561.81,0.00,2.21,9.81,0.00
4.60,0.40,0.00,0.00,0.00,140.00,-0.56,-12.50,-0.50,56.00,-644.00,0.00,64.23,-678.27,0.00,-8.23,34.27,0.00
4.60,0.40,0.00,0.00,0.00,140.00,-0.50,-11.38,-0.44,56.00,-644.00,0.00,58.11,-617.22,0.00,-2.11,-26.78,0.00
4.60,0.40,0.00,0.00,0.00,140.00,-0.50,-11.44,-0.56,56.00,-644.00,0.00,56.81,-620.07,0.00,-0.81,-23.93,0.00
4.60,0.10,0.00,0.00,0.00,20.00,0.00,-1.25,0.00,2.00,-92.00,0.00,4.39,-67.66,0.00,-2.39,-24.34,1.00
4.60,0.10,0.00,0.00,0.00,20.00,0.06,-1.50,-0.06,2.00,-92.00,0.00,1.57,-80.49,0.00,0.43,-11.51,1.00
4.60,0.10,0.00,0.00,0.00,20.00,0.06,-1.38,0.00,2.00,-92.00,0.00,1.89,-74.00,0.00,0.11,-18.00,1.00
4.60,0.10,0.00,0.00,0.00,40.00,0.12,-2.94,-0.06,4.00,-184.00,0.00,3.68,-157.87,0.00,0.32,-26.13,1.00
4.60,0.10,0.00,0.00,0.00,40.00,0.06,-3.06,-0.12,4.00,-184.00,0.00,6.30,-164.80,0.00,-2.30,-19.20,1.00
4.60,0.10,0.00,0.00,0.00,40.00,0.12,-3.25,-0.12,4.00,-184.00,0.00,4.02,-174.52,0.00,-0.02,-9.48,1.00
4.60,0.10,0.00,0.00,0.00,60.00,0.19,-4.75,-0.12,6.00,-276.00,0.00,6.35,-255.28,0.00,-0.35,-20.72,1.00
4.60,0.10,0.00,0.00,0.00,60.00,0.12,-5.75,-0.19,6.00,-276.00,0.00,12.04,-309.57,0.00,-6.04,33.57,1.00
4.60,0.10,0.00,0.00,0.00,60.00,0.19,-5.19,-0.12,6.00,-276.00,0.00,7.89,-278.96,0.00,-1.89,2.96,1.00
4.60,0.10,0.00,0.00,0.00,80.00,0.31,-6.81,-0.19,8.00,-368.00,0.00,6.96,-365.80,0.00,1.04,-2.20,1.00
4.60,0.10,0.00,0.00,0.00,80.00,0.25,-6.38,-0.19,8.00,-368.00,0.00,8.36,-342.54,0.00,-0.36,-25.46,1.00
4.60,0.10,0.00,0.00,0.00,80.00,0.31,-7.19,-0.25,8.00,-368.00,0.00,7.51,-385.83,0.00,0.49,17.83,1.00
4.60,0.10,0.00,0.00,0.00,100.00,0.31,-8.62,-0.31,10.00,-460.00,0.00,11.80,-463.37,0.00,-1.80,3.37,1.00
4.60,0.10,0.00,0.00,0.00,100.00,0.25,-8.88,-0.25,10.00,-460.00,0.00,16.38,-477.59,0.00,-6.38,17.59,1.00
4.60,0.10,0.00,0.00,0.00,100.00,0.19,-8.69,-0.38,10.00,-460.00,0.00,17.13,-467.33,0.00,-7.13,7.33,1.00
4.60,0.10,0.00,0.00,0.00,120.00,0.31,-10.44,-0.31,12.00,-552.00,0.00,18.17,-561.47,0.00,-6.17,9.47,1.00
4.60,0.10,0.00,0.00,0.00,120.00,0.31,-10.44,-0.31,12.00,-552.00,0.00,18.17,-561.47,0.00,-6.17,9.47,1.00
4.60,0.10,0.00,0.00,0.00,120.00,0.31,-10.38,-0.38,12.00,-552.00,0.00,17.18,-557.82,0.00,-5.18,5.82,1.00
4.60,0.10,0.00,0.00,0.00,140.00,0.38,-12.62,-0.44,14.00,-644.00,0.00,21.39,-678.91,0.00,-7.39,34.91,1.00
4.60,0.10,0.00,0.00,0.00,140.00,0.25,-11.50,-2.38,14.00,-644.00,0.00,-0.29,-610.60,0.00,14.29,-33.40,1.00
4.60,0.10,0.00,0.00,0.00,140.00,0.38,-12.50,-0.44,14.00,-644.00,0.00,20.95,-672.14,0.00,-6.95,28.14,1.00
4.60,-0.20,0.00,0.00,0.00,20.00,0.19,-1.25,-0.06,-4.00,-92.00,0.00,-5.18,-66.11,0.00,1.18,-25.89,2.00
4.60,-0.20,0.00,0.00,0.00,20.00,0.19,-1.88,-0.06,-4.00,-92.00,0.00,-2.99,-99.94,0.00,-1.01,7.94,2.00
4.60,-0.20,0.00,0.00,0.00,20.00,0.06,-1.50,-0.06,-4.00,-92.00,0.00,1.57,-80.49,0.00,-5.57,-11.51,2.00
4.60,-0.20,0.00,0.00,0.00,40.00,0.25,-3.00,-0.12,-8.00,-184.00,0.00,-2.73,-160.14,0.00,-5.27,-23.86,2.00
4.60,-0.20,0.00,0.00,0.00,40.00,0.44,-3.31,-0.12,-8.00,-184.00,0.00,-10.44,-175.77,0.00,2.44,-8.23,2.00
4.60,-0.20,0.00,0.00,0.00,40.00,0.31,-3.31,0.00,-8.00,-184.00,0.00,-3.05,-177.16,0.00,-4.95,-6.84,2.00
4.60,-0.20,0.00,0.00,0.00,60.00,0.62,-5.06,-0.06,-12.00,-276.00,0.00,-12.35,-269.48,0.00,0.35,-6.52,2.00
4.60,-0.20,0.00,0.00,0.00,60.00,0.38,-4.81,-0.19,-12.00,-276.00,0.00,-3.00,-257.12,0.00,-9.00,-18.88,2.00
4.60,-0.20,0.00,0.00,0.00,60.00,0.69,-5.06,-0.12,-12.00,-276.00,0.00,-16.04,-268.79,0.00,4.04,-7.21,2.00
4.60,-0.20,0.00,0.00,0.00,80.00,0.56,-6.44,-0.19,-16.00,-368.00,0.00,-6.10,-343.79,0.00,-9.90,-24.21,2.00
4.60,-0.20,0.00,0.00,0.00,80.00,0.69,-6.62,-0.12,-16.00,-368.00,0.00,-10.56,-353.36,0.00,-5.44,-14.64,2.00
4.60,-0.20,0.00,0.00,0.00,80.00,0.50,-6.12,-0.19,-16.00,-368.00,0.00,-4.27,-327.31,0.00,-11.73,-40.69,2.00
4.60,-0.20,0.00,0.00,0.00,100.00,0.94,-9.06,-0.19,-20.00,-460.00,0.00,-14.50,-483.32,0.00,-5.50,23.32,2.00
4.60,-0.20,0.00,0.00,0.00,100.00,1.00,-8.81,-0.25,-20.00,-460.00,0.00,-19.08,-469.09,0.00,-0.92,9.09,2.00
4.60,-0.20,0.00,0.00,0.00,100.00,1.00,-7.94,-0.31,-20.00,-460.00,0.00,-22.91,-421.47,0.00,2.91,-38.53,2.00
4.60,-0.20,0.00,0.00,0.00,120.00,1.31,-10.88,-0.31,-24.00,-552.00,0.00,-27.28,-578.33,0.00,3.28,26.33,2.00
4.60,-0.20,0.00,0.00,0.00,120.00,1.25,-10.56,-0.31,-24.00,-552.00,0.00,-25.44,-561.84,0.00,1.44,9.84,2.00
4.60,-0.20,0.00,0.00,0.00,120.00,1.25,-10.62,-0.25,-24.00,-552.00,0.00,-24.46,-565.49,0.00,0.46,13.49,2.00
4.60,-0.20,0.00,0.00,0.00,140.00,1.31,-12.56,-0.38,-28.00,-644.00,0.00,-22.12,-669.40,0.00,-5.88,25.40,2.00
4.60,-0.20,0.00,0.00,0.00,140.00,1.19,-11.69,-0.44,-28.00,-644.00,0.00,-20.08,-622.62,0.00,-7.92,-21.38,2.00
4.60,-0.20,0.00,0.00,0.00,140.00,1.56,-12.25,-0.38,-28.00,-644.00,0.00,-34.96,-650.78,0.00,6.96,6.78,2.00
4.10,0.40,0.00,0.00,0.00,20.00,-0.06,-1.31,-0.06,8.00,-82.00,0.00,6.78,-71.20,0.00,1.22,-10.80,3.00
4.10,0.40,0.00,0.00,0.00,20.00,-0.06,-1.06,-0.06,8.00,-82.00,0.00,5.91,-57.67,0.00,2.09,-24.33,3.00
4.10,0.40,0.00,0.00,0.00,20.00,-0.06,-1.38,0.00,8.00,-82.00,0.00,7.77,-74.85,0.00,0.23,-7.15,3.00
4.10,0.40,0.00,0.00,0.00,40.00,-0.06,-2.25,0.00,16.00,-164.00,0.00,10.84,-122.21,0.00,5.16,-41.79,3.00
4.10,0.40,0.00,0.00,0.00,40.00,-0.06,-2.75,-0.12,16.00,-164.00,0.00,11.07,-148.74,0.00,4.93,-15.26,3.00
4.10,0.40,0.00,0.00,0.00,40.00,-0.19,-2.81,-0.12,16.00,-164.00,0.00,17.16,-152.97,0.00,-1.16,-11.03,3.00
4.10,0.40,0.00,0.00,0.00,60.00,-0.19,-4.19,-0.12,24.00,-246.00,0.00,21.99,-227.40,0.00,2.01,-18.60,3.00
4.10,0.40,0.00,0.00,0.00,60.00,-0.25,-4.38,0.25,24.00,-246.00,0.00,30.15,-239.57,0.00,-6.15,-6.43,3.00
4.10,0.40,0.00,0.00,0.00,60.00,-0.25,-4.44,-0.19,24.00,-246.00,0.00,25.05,-241.09,0.00,-1.05,-4.91,3.00
4.10,0.40,0.00,0.00,0.00,80.00,-0.31,-5.50,-0.19,32.00,-328.00,0.00,31.71,-299.02,0.00,0.29,-28.98,3.00
4.10,0.40,0.00,0.00,0.00,80.00,-0.06,-5.69,-0.19,32.00,-328.00,0.00,20.63,-307.46,0.00,11.37,-20.54,3.00
4.10,0.40,0.00,0.00,0.00,80.00,-0.31,-5.69,-0.19,32.00,-328.00,0.00,32.37,-309.17,0.00,-0.37,-18.83,3.00
4.10,0.40,0.00,0.00,0.00,100.00,-0.38,-6.75,-0.25,40.00,-410.00,0.00,38.28,-366.84,0.00,1.72,-43.16,3.00
4.10,0.40,0.00,0.00,0.00,100.00,-0.38,-7.81,-0.25,40.00,-410.00,0.00,42.01,-424.35,0.00,-2.01,14.35,3.00
4.10,0.40,0.00,0.00,0.00,100.00,-0.38,-7.56,-0.25,40.00,-410.00,0.00,41.13,-410.81,0.00,-1.13,0.81,3.00
4.10,0.40,0.00,0.00,0.00,120.00,-0.56,-8.44,-0.44,48.00,-492.00,0.00,50.73,-458.65,0.00,-2.73,-33.35,3.00
4.10,0.40,0.00,0.00,0.00,120.00,-0.50,-8.50,-0.62,48.00,-492.00,0.00,45.73,-460.81,0.00,2.27,-31.19,3.00
4.10,0.40,0.00,0.00,0.00,120.00,-0.38,-8.88,-0.25,48.00,-492.00,0.00,45.74,-481.85,0.00,2.26,-10.15,3.00
4.10,0.40,0.00,0.00,0.00,140.00,-0.81,-10.31,-0.62,56.00,-574.00,0.00,66.78,-561.04,0.00,-10.78,-12.96,3.00
4.10,0.40,0.00,0.00,0.00,140.00,-0.62,-10.56,-0.38,56.00,-574.00,0.00,61.89,-574.36,0.00,-5.89,0.36,3.00
4.10,0.40,0.00,0.00,0.00,140.00,-0.94,-10.44,-0.50,56.00,-574.00,0.00,74.61,-569.19,0.00,-18.61,-4.81,3.00
4.10,0.40,0.00,0.00,0.00,160.00,-0.75,-11.88,-0.56,64.00,-656.00,0.00,70.09,-645.45,0.00,-6.09,-10.55,3.00
4.10,0.40,0.00,0.00,0.00,160.00,-0.81,-12.44,-0.75,64.00,-656.00,0.00,72.72,-675.52,0.00,-8.72,19.52,3.00
4.10,0.40,0.00,0.00,0.00,160.00,-1.00,-12.31,-0.56,64.00,-656.00,0.00,83.37,-670.84,0.00,-19.37,14.84,3.00
4.10,0.10,0.00,0.00,0.00,20.00,0.06,-1.31,-0.06,2.00,-82.00,0.00,0.91,-70.35,0.00,1.09,-11.65,4.00
4.10,0.10,0.00,0.00,0.00,20.00,0.06,-1.56,-0.06,2.00,-82.00,0.00,1.79,-83.88,0.00,0.21,1.88,4.00
4.10,0.10,0.00,0.00,0.00,20.00,0.06,-1.38,0.00,2.00,-82.00,0.00,1.89,-74.00,0.00,0.11,-8.00,4.00
4.10,0.10,0.00,0.00,0.00,40.00,0.19,-2.56,-0.06,4.00,-164.00,0.00,-0.57,-137.15,0.00,4.57,-26.85,4.00
4.10,0.10,0.00,0.00,0.00,40.00,0.06,-2.56,-0.06,4.00,-164.00,0.00,5.30,-138.00,0.00,-1.30,-26.00,4.00
4.10,0.10,0.00,0.00,0.00,40.00,0.06,-2.75,-0.06,4.00,-164.00,0.00,5.96,-148.15,0.00,-1.96,-15.85,4.00
4.10,0.10,0.00,0.00,0.00,60.00,0.19,-4.38,-0.12,6.00,-246.00,0.00,5.03,-234.99,0.00,0.97,-11.01,4.00
4.10,0.10,0.00,0.00,0.00,60.00,0.19,-4.06,-0.12,6.00,-246.00,0.00,3.93,-218.07,0.00,2.07,-27.93,4.00
4.10,0.10,0.00,0.00,0.00,60.00,0.19,-4.19,-0.12,6.00,-246.00,0.00,4.37,-224.84,0.00,1.63,-21.16,4.00
4.10,0.10,0.00,0.00,0.00,80.00,0.25,-6.19,-0.19,8.00,-328.00,0.00,7.70,-332.40,0.00,0.30,4.40,4.00
4.10,0.10,0.00,0.00,0.00,80.00,0.19,-5.81,-0.19,8.00,-328.00,0.00,9.32,-312.52,0.00,-1.32,-15.48,4.00
4.10,0.10,0.00,0.00,0.00,80.00,0.25,-6.12,-0.25,8.00,-328.00,0.00,6.72,-328.75,0.00,1.28,0.75,4.00
4.10,0.10,0.00,0.00,0.00,100.00,0.31,-7.38,-0.31,10.00,-410.00,0.00,7.41,-395.71,0.00,2.59,-14.29,4.00
4.10,0.10,0.00,0.00,0.00,100.00,0.31,-7.25,-0.31,10.00,-410.00,0.00,6.97,-388.94,0.00,3.03,-21.06,4.00
4.10,0.10,0.00,0.00,0.00,100.00,0.38,-7.44,-0.31,10.00,-410.00,0.00,4.69,-398.67,0.00,5.31,-11.33,4.00
4.10,0.10,0.00,0.00,0.00,120.00,0.31,-9.00,-0.38,12.00,-492.00,0.00,12.36,-483.40,0.00,-0.36,-8.60,4.00
4.10,0.10,0.00,0.00,0.00,120.00,0.31,-9.00,-0.25,12.00,-492.00,0.00,13.88,-483.93,0.00,-1.88,-8.07,4.00
4.10,0.10,0.00,0.00,0.00,120.00,0.31,-8.94,-0.31,12.00,-492.00,0.00,12.90,-480.28,0.00,-0.90,-11.72,4.00
4.10,0.10,0.00,0.00,0.00,140.00,0.38,-10.56,-0.38,14.00,-574.00,0.00,14.91,-567.54,0.00,-0.91,-6.46,4.00
4.10,0.10,0.00,0.00,0.00,140.00,0.31,-10.81,-0.38,14.00,-574.00,0.00,18.72,-581.50,0.00,-4.72,7.50,4.00
4.10,0.10,0.00,0.00,0.00,140.00,0.44,-10.75,-0.69,14.00,-574.00,0.00,8.82,-575.93,0.00,5.18,1.93,4.00
4.10,0.10,0.00,0.00,0.00,160.00,0.38,-12.12,-1.00,16.00,-656.00,0.00,12.78,-649.44,0.00,3.22,-6.56,4.00
4.10,0.10,0.00,0.00,0.00,160.00,0.38,-12.25,-1.06,16.00,-656.00,0.00,12.46,-655.94,0.00,3.54,-0.06,4.00
4.10,0.10,0.00,0.00,0.00,160.00,0.50,-12.25,-1.06,16.00,-656.00,0.00,6.59,-655.09,0.00,9.41,-0.91,4.00
4.10,0.10,0.00,0.00,0.00,180.00,0.44,-14.25,-0.62,18.00,-738.00,0.00,21.87,-765.63,0.00,-3.87,27.63,4.00
4.10,0.10,0.00,0.00,0.00,180.00,0.56,-13.94,-0.69,18.00,-738.00,0.00,14.14,-747.60,0.00,3.86,9.60,4.00
4.10,0.10,0.00,0.00,0.00,180.00,0.38,-13.81,-0.56,18.00,-738.00,0.00,24.04,-742.65,0.00,-6.04,4.65,4.00
4.10,-0.20,0.00,0.00,0.00,20.00,0.06,-1.19,-0.06,-4.00,-82.00,0.00,0.47,-63.58,0.00,-4.47,-18.42,5.00
4.10,-0.20,0.00,0.00,0.00,20.00,0.19,-1.44,-0.06,-4.00,-82.00,0.00,-4.52,-76.26,0.00,0.52,-5.74,5.00
4.10,-0.20,0.00,0.00,0.00,20.00,0.12,-1.31,0.00,-4.00,-82.00,0.00,-1.26,-70.19,0.00,-2.74,-11.81,5.00
4.10,-0.20,0.00,0.00,0.00,40.00,0.31,-2.94,-0.06,-8.00,-164.00,0.00,-5.13,-156.59,0.00,-2.87,-7.41,5.00
4.10,-0.20,0.00,0.00,0.00,40.00,0.19,-2.25,-0.12,-8.00,-164.00,0.00,-2.43,-119.97,0.00,-5.57,-44.03,5.00
4.10,-0.20,0.00,0.00,0.00,40.00,0.31,-3.19,-0.12,-8.00,-164.00,0.00,-5.01,-169.86,0.00,-2.99,5.86,5.00
4.10,-0.20,0.00,0.00,0.00,60.00,0.50,-4.44,-0.25,-12.00,-246.00,0.00,-10.95,-235.70,0.00,-1.05,-10.30,5.00
4.10,-0.20,0.00,0.00,0.00,60.00,0.50,-4.50,-0.19,-12.00,-246.00,0.00,-9.97,-239.35,0.00,-2.03,-6.65,5.00
4.10,-0.20,0.00,0.00,0.00,60.00,0.62,-4.19,-0.12,-12.00,-246.00,0.00,-16.18,-221.85,0.00,4.18,-24.15,5.00
4.10,-0.20,0.00,0.00,0.00,80.00,0.69,-5.19,-0.12,-16.00,-328.00,0.00,-15.61,-275.55,0.00,-0.39,-52.45,5.00
4.10,-0.20,0.00,0.00,0.00,80.00,0.62,-6.12,-0.19,-16.00,-328.00,0.00,-10.14,-326.45,0.00,-5.86,-1.55,5.00
4.10,-0.20,0.00,0.00,0.00,80.00,0.62,-6.00,-0.12,-16.00,-328.00,0.00,-9.82,-319.96,0.00,-6.18,-8.04,5.00
4.10,-0.20,0.00,0.00,0.00,100.00,0.94,-8.00,-0.50,-20.00,-410.00,0.00,-22.04,-424.47,0.00,2.04,14.47,5.00
4.10,-0.20,0.00,0.00,0.00,100.00,0.94,-7.75,-0.31,-20.00,-410.00,0.00,-20.64,-411.74,0.00,0.64,1.74,5.00
4.10,-0.20,0.00,0.00,0.00,100.00,0.94,-6.94,-0.25,-20.00,-410.00,0.00,-22.73,-368.03,0.00,2.73,-41.97,5.00
4.10,-0.20,0.00,0.00,0.00,120.00,1.00,-9.69,0.12,-24.00,-492.00,0.00,-11.44,-518.05,0.00,-12.56,26.05,5.00
4.10,-0.20,0.00,0.00,0.00,120.00,1.25,-9.06,-0.38,-24.00,-492.00,0.00,-31.47,-480.38,0.00,7.47,-11.62,5.00
4.10,-0.20,0.00,0.00,0.00,120.00,1.06,-9.31,-0.31,-24.00,-492.00,0.00,-21.02,-495.46,0.00,-2.98,3.46,5.00
4.10,-0.20,0.00,0.00,0.00,140.00,1.31,-11.50,-0.44,-28.00,-574.00,0.00,-26.61,-611.62,0.00,-1.39,37.62,5.00
4.10,-0.20,0.00,0.00,0.00,140.00,1.19,-11.12,-1.19,-28.00,-574.00,0.00,-31.19,-588.98,0.00,3.19,14.98,5.00
4.10,-0.20,0.00,0.00,0.00,140.00,1.31,-11.31,-0.44,-28.00,-574.00,0.00,-27.27,-601.47,0.00,-0.73,27.47,5.00
4.10,-0.20,0.00,0.00,0.00,160.00,1.44,-12.69,-0.62,-32.00,-656.00,0.00,-30.59,-674.24,0.00,-1.41,18.24,5.00
4.10,-0.20,0.00,0.00,0.00,160.00,1.56,-13.69,-0.56,-32.00,-656.00,0.00,-32.19,-727.78,0.00,0.19,71.78,5.00
4.10,-0.20,0.00,0.00,0.00,160.00,1.38,-13.25,-0.50,-32.00,-656.00,0.00,-24.16,-705.65,0.00,-7.84,49.65,5.00
3.50,0.40,0.00,0.00,0.00,20.00,0.00,-1.19,0.00,8.00,-70.00,0.00,4.17,-64.27,0.00,3.83,-5.73,6.00
3.50,0.40,0.00,0.00,0.00,20.00,-0.06,-1.06,0.00,8.00,-70.00,0.00,6.67,-57.93,0.00,1.33,-12.07,6.00
3.50,0.40,0.00,0.00,0.00,20.00,-0.12,-1.12,-0.06,8.00,-70.00,0.00,9.06,-61.48,0.00,-1.06,-8.52,6.00
3.50,0.40,0.00,0.00,0.00,40.00,-0.06,-2.50,-0.06,16.00,-140.00,0.00,10.95,-135.47,0.00,5.05,-4.53,6.00
3.50,0.40,0.00,0.00,0.00,40.00,-0.12,-2.25,-0.12,16.00,-140.00,0.00,12.25,-122.10,0.00,3.75,-17.90,6.00
3.50,0.40,0.00,0.00,0.00,40.00,-0.06,-1.81,-0.06,16.00,-140.00,0.00,8.54,-98.26,0.00,7.46,-41.74,6.00
3.50,0.40,0.00,0.00,0.00,60.00,-0.12,-3.06,-0.06,24.00,-210.00,0.00,15.87,-166.34,0.00,8.13,-43.66,6.00
3.50,0.40,0.00,0.00,0.00,60.00,-0.19,-3.62,-0.12,24.00,-210.00,0.00,20.02,-196.95,0.00,3.98,-13.05,6.00
3.50,0.40,0.00,0.00,0.00,60.00,-0.25,-3.44,-0.12,24.00,-210.00,0.00,22.29,-187.23,0.00,1.71,-22.77,6.00
3.50,0.40,0.00,0.00,0.00,80.00,-0.19,-5.25,-0.19,32.00,-280.00,0.00,24.96,-284.64,0.00,7.04,4.64,6.00
3.50,0.40,0.00,0.00,0.00,80.00,-0.19,-4.62,-0.19,32.00,-280.00,0.00,22.77,-250.81,0.00,9.23,-29.19,6.00
3.50,0.40,0.00,0.00,0.00,80.00,-0.25,-4.75,-0.19,32.00,-280.00,0.00,26.14,-258.00,0.00,5.86,-22.00,6.00
3.50,0.40,0.00,0.00,0.00,100.00,-0.31,-5.56,-0.19,40.00,-350.00,0.00,31.93,-302.40,0.00,8.07,-47.60,6.00
3.50,0.40,0.00,0.00,0.00,100.00,-0.50,-6.31,-0.31,40.00,-350.00,0.00,41.85,-343.74,0.00,-1.85,-6.26,6.00
3.50,0.40,0.00,0.00,0.00,100.00,-0.31,-6.81,-0.25,40.00,-350.00,0.00,35.56,-369.79,0.00,4.44,19.79,6.00
3.50,0.40,0.00,0.00,0.00,120.00,-0.19,-6.12,-0.19,48.00,-420.00,0.00,28.03,-332.00,0.00,19.97,-88.00,6.00
3.50,0.40,0.00,0.00,0.00,120.00,-0.38,-7.69,-0.25,48.00,-420.00,0.00,41.57,-417.58,0.00,6.43,-2.42,6.00
3.50,0.40,0.00,0.00,0.00,120.00,-0.44,-8.31,-0.31,48.00,-420.00,0.00,45.94,-451.57,0.00,2.06,31.57,6.00
3.50,0.40,0.00,0.00,0.00,140.00,-0.44,-8.50,-0.38,56.00,-490.00,0.00,45.84,-461.45,0.00,10.16,-28.55,6.00
3.50,0.40,0.00,0.00,0.00,140.00,-0.56,-9.19,-0.38,56.00,-490.00,0.00,54.12,-499.51,0.00,1.88,9.51,6.00
3.50,0.40,0.00,0.00,0.00,140.00,-0.69,-9.38,-0.31,56.00,-490.00,0.00,61.42,-510.78,0.00,-5.42,20.78,6.00
3.50,0.40,0.00,0.00,0.00,160.00,-0.69,-10.81,-0.38,64.00,-560.00,0.00,65.70,-588.32,0.00,-1.70,28.32,6.00
3.50,0.40,0.00,0.00,0.00,160.00,-0.81,-11.12,-0.50,64.00,-560.00,0.00,71.15,-605.55,0.00,-7.15,45.55,6.00
3.50,0.40,0.00,0.00,0.00,160.00,-0.69,-11.19,-0.69,64.00,-560.00,0.00,63.21,-607.28,0.00,0.79,47.28,6.00
3.50,0.40,0.00,0.00,0.00,180.00,-1.00,-12.75,-0.50,72.00,-630.00,0.00,85.67,-694.79,0.00,-13.67,64.79,6.00
3.50,0.40,0.00,0.00,0.00,180.00,-0.62,-11.69,-0.56,72.00,-630.00,0.00,63.56,-634.45,0.00,8.44,4.45,6.00
3.50,0.40,0.00,0.00,0.00,180.00,-0.75,-12.81,-0.50,72.00,-630.00,0.00,74.14,-696.46,0.00,-2.14,66.46,6.00
3.50,0.40,0.00,0.00,0.00,200.00,-1.19,-15.31,-0.69,80.00,-700.00,0.00,101.19,-833.96,0.00,-21.19,133.96,6.00
3.50,0.40,0.00,0.00,0.00,200.00,-0.88,-14.00,-0.62,80.00,-700.00,0.00,82.66,-761.06,0.00,-2.66,61.06,6.00
3.50,0.40,0.00,0.00,0.00,200.00,-0.88,-13.88,-0.50,80.00,-700.00,0.00,83.74,-754.82,0.00,-3.74,54.82,6.00
3.50,0.10,0.00,0.00,0.00,20.00,0.06,-1.25,-0.06,2.00,-70.00,0.00,0.69,-66.96,0.00,1.31,-3.04,7.00
3.50,0.10,0.00,0.00,0.00,20.00,0.06,-1.06,0.12,2.00,-70.00,0.00,2.32,-57.62,0.00,-0.32,-12.38,7.00
3.50,0.10,0.00,0.00,0.00,20.00,0.06,-1.12,0.00,2.00,-70.00,0.00,1.01,-60.46,0.00,0.99,-9.54,7.00
3.50,0.10,0.00,0.00,0.00,40.00,0.06,-2.38,-0.06,4.00,-140.00,0.00,4.64,-127.85,0.00,-0.64,-12.15,7.00
3.50,0.10,0.00,0.00,0.00,40.00,0.06,-2.19,-0.06,4.00,-140.00,0.00,3.98,-117.71,0.00,0.02,-22.29,7.00
3.50,0.10,0.00,0.00,0.00,40.00,0.12,-2.19,-0.12,4.00,-140.00,0.00,0.29,-117.01,0.00,3.71,-22.99,7.00
3.50,0.10,0.00,0.00,0.00,60.00,0.12,-3.25,-0.12,6.00,-210.00,0.00,4.02,-174.52,0.00,1.98,-35.48,7.00
3.50,0.10,0.00,0.00,0.00,60.00,0.12,-3.56,-0.06,6.00,-210.00,0.00,5.88,-191.70,0.00,0.12,-18.30,7.00
3.50,0.10,0.00,0.00,0.00,60.00,0.12,-3.44,-0.12,6.00,-210.00,0.00,4.68,-184.67,0.00,1.32,-25.33,7.00
3.50,0.10,0.00,0.00,0.00,80.00,0.25,-4.88,-0.19,8.00,-280.00,0.00,3.09,-261.36,0.00,4.91,-18.64,7.00
3.50,0.10,0.00,0.00,0.00,80.00,0.19,-4.88,-0.12,8.00,-280.00,0.00,6.79,-262.05,0.00,1.21,-17.95,7.00
3.50,0.10,0.00,0.00,0.00,80.00,0.19,-4.94,-0.12,8.00,-280.00,0.00,7.01,-265.43,0.00,0.99,-14.57,7.00
3.50,0.10,0.00,0.00,0.00,100.00,0.19,-5.88,-0.19,10.00,-350.00,0.00,9.54,-315.91,0.00,0.46,-34.09,7.00
3.50,0.10,0.00,0.00,0.00,100.00,0.12,-5.56,-0.19,10.00,-350.00,0.00,11.38,-299.42,0.00,-1.38,-50.58,7.00
3.50,0.10,0.00,0.00,0.00,100.00,0.25,-6.00,-0.25,10.00,-350.00,0.00,6.28,-321.98,0.00,3.72,-28.02,7.00
3.50,0.10,0.00,0.00,0.00,120.00,0.25,-7.88,-0.56,12.00,-420.00,0.00,9.06,-422.13,0.00,2.94,2.13,7.00
3.50,0.10,0.00,0.00,0.00,120.00,0.31,-7.81,-0.31,12.00,-420.00,0.00,8.95,-419.39,0.00,3.05,-0.61,7.00
3.50,0.10,0.00,0.00,0.00,120.00,0.25,-6.94,-0.25,12.00,-420.00,0.00,9.57,-372.72,0.00,2.43,-47.28,7.00
3.50,0.10,0.00,0.00,0.00,140.00,0.19,-9.00,-0.69,14.00,-490.00,0.00,14.42,-482.91,0.00,-0.42,-7.09,7.00
3.50,0.10,0.00,0.00,0.00,140.00,0.25,-9.31,-0.56,14.00,-490.00,0.00,14.11,-499.94,0.00,-0.11,9.94,7.00
3.50,0.10,0.00,0.00,0.00,140.00,0.19,-8.94,-0.31,14.00,-490.00,0.00,18.77,-481.13,0.00,-4.77,-8.87,7.00
3.50,0.10,0.00,0.00,0.00,160.00,0.25,-10.25,-0.31,16.00,-560.00,0.00,20.44,-551.75,0.00,-4.44,-8.25,7.00
3.50,0.10,0.00,0.00,0.00,160.00,0.38,-11.25,-0.44,16.00,-560.00,0.00,16.56,-604.49,0.00,-0.56,44.49,7.00
3.50,0.10,0.00,0.00,0.00,160.00,0.38,-10.31,-0.38,16.00,-560.00,0.00,14.03,-554.01,0.00,1.97,-5.99,7.00
3.50,0.10,0.00,0.00,0.00,180.00,0.50,-11.62,-0.50,18.00,-630.00,0.00,11.24,-623.66,0.00,6.76,-6.34,7.00
3.50,0.10,0.00,0.00,0.00,180.00,0.38,-12.75,-0.19,18.00,-630.00,0.00,24.87,-686.74,0.00,-6.87,56.74,7.00
3.50,0.10,0.00,0.00,0.00,180.00,0.38,-12.44,-0.38,18.00,-630.00,0.00,21.49,-669.03,0.00,-3.49,39.03,7.00
3.50,0.10,0.00,0.00,0.00,200.00,0.44,-13.81,-0.56,20.00,-700.00,0.00,21.10,-742.22,0.00,-1.10,42.22,7.00
3.50,0.10,0.00,0.00,0.00,200.00,0.44,-14.19,-0.56,20.00,-700.00,0.00,22.42,-762.52,0.00,-2.42,62.52,7.00
3.50,0.10,0.00,0.00,0.00,200.00,0.50,-14.25,-0.56,20.00,-700.00,0.00,19.70,-765.47,0.00,0.30,65.47,7.00
3.50,0.10,0.00,0.00,0.00,220.00,0.31,-15.56,-0.56,22.00,-770.00,0.00,33.12,-837.79,0.00,-11.12,67.79,7.00
3.50,0.10,0.00,0.00,0.00,220.00,0.50,-15.12,-0.88,22.00,-770.00,0.00,18.97,-811.50,0.00,3.03,41.50,7.00
3.50,0.10,0.00,0.00,0.00,220.00,0.50,-15.69,-0.69,22.00,-770.00,0.00,23.23,-842.75,0.00,-1.23,72.75,7.00
3.50,-0.20,0.00,0.00,0.00,20.00,0.12,-1.12,0.00,-4.00,-70.00,0.00,-1.92,-60.04,0.00,-2.08,-9.96,8.00
3.50,-0.20,0.00,0.00,0.00,20.00,0.12,-1.19,0.00,-4.00,-70.00,0.00,-1.70,-63.42,0.00,-2.30,-6.58,8.00
3.50,-0.20,0.00,0.00,0.00,20.00,0.19,-1.06,0.00,-4.00,-70.00,0.00,-5.08,-56.23,0.00,1.08,-13.77,8.00
3.50,-0.20,0.00,0.00,0.00,40.00,0.31,-2.38,-0.06,-8.00,-140.00,0.00,-7.10,-126.15,0.00,-0.90,-13.85,8.00
3.50,-0.20,0.00,0.00,0.00,40.00,0.31,-2.44,-0.06,-8.00,-140.00,0.00,-6.88,-129.53,0.00,-1.12,-10.47,8.00
3.50,-0.20,0.00,0.00,0.00,40.00,0.19,-1.81,-0.06,-8.00,-140.00,0.00,-3.21,-96.56,0.00,-4.79,-43.44,8.00
3.50,-0.20,0.00,0.00,0.00,60.00,0.50,-3.62,-0.06,-12.00,-210.00,0.00,-11.52,-192.53,0.00,-0.48,-17.47,8.00
3.50,-0.20,0.00,0.00,0.00,60.00,0.44,-3.44,-0.12,-12.00,-210.00,0.00,-10.01,-182.54,0.00,-1.99,-27.46,8.00
3.50,-0.20,0.00,0.00,0.00,60.00,0.38,-3.31,-0.12,-12.00,-210.00,0.00,-7.51,-176.20,0.00,-4.49,-33.80,8.00
3.50,-0.20,0.00,0.00,0.00,80.00,0.56,-4.69,-0.12,-16.00,-280.00,0.00,-11.49,-249.34,0.00,-4.51,-30.66,8.00
3.50,-0.20,0.00,0.00,0.00,80.00,0.62,-4.69,-0.19,-16.00,-280.00,0.00,-15.19,-248.65,0.00,-0.81,-31.35,8.00
3.50,-0.20,0.00,0.00,0.00,80.00,0.56,-4.62,-0.19,-16.00,-280.00,0.00,-12.47,-245.69,0.00,-3.53,-34.31,8.00
3.50,-0.20,0.00,0.00,0.00,100.00,0.75,-6.12,-0.25,-20.00,-350.00,0.00,-16.77,-325.33,0.00,-3.23,-24.67,8.00
3.50,-0.20,0.00,0.00,0.00,100.00,0.88,-6.19,-0.25,-20.00,-350.00,0.00,-22.43,-327.87,0.00,2.43,-22.13,8.00
3.50,-0.20,0.00,0.00,0.00,100.00,0.81,-6.56,-1.00,-20.00,-350.00,0.00,-27.31,-345.39,0.00,7.31,-4.61,8.00
3.50,-0.20,0.00,0.00,0.00,120.00,0.88,-7.44,-0.25,-24.00,-420.00,0.00,-18.04,-395.52,0.00,-5.96,-24.48,8.00
3.50,-0.20,0.00,0.00,0.00,120.00,0.94,-7.44,-0.25,-24.00,-420.00,0.00,-20.97,-395.10,0.00,-3.03,-24.90,8.00
3.50,-0.20,0.00,0.00,0.00,120.00,0.94,-7.25,-0.25,-24.00,-420.00,0.00,-21.63,-384.95,0.00,-2.37,-35.05,8.00
3.50,-0.20,0.00,0.00,0.00,140.00,1.12,-9.12,-0.31,-28.00,-490.00,0.00,-24.62,-484.89,0.00,-3.38,-5.11,8.00
3.50,-0.20,0.00,0.00,0.00,140.00,1.19,-9.31,0.06,-28.00,-490.00,0.00,-22.33,-496.21,0.00,-5.67,6.21,8.00
3.50,-0.20,0.00,0.00,0.00,140.00,1.12,-9.19,-0.31,-28.00,-490.00,0.00,-24.40,-488.27,0.00,-3.60,-1.73,8.00
3.50,-0.20,0.00,0.00,0.00,160.00,1.44,-10.81,-0.38,-32.00,-560.00,0.00,-34.13,-573.82,0.00,2.13,13.82,8.00
3.50,-0.20,0.00,0.00,0.00,160.00,1.25,-10.62,-0.44,-32.00,-560.00,0.00,-26.74,-564.69,0.00,-5.26,4.69,8.00
3.50,-0.20,0.00,0.00,0.00,160.00,1.38,-10.81,-0.81,-32.00,-560.00,0.00,-36.53,-572.38,0.00,4.53,12.38,8.00
3.50,-0.20,0.00,0.00,0.00,180.00,1.50,-12.44,-0.44,-36.00,-630.00,0.00,-32.13,-661.09,0.00,-3.87,31.09,8.00
3.50,-0.20,0.00,0.00,0.00,180.00,1.50,-12.38,-0.44,-36.00,-630.00,0.00,-32.34,-657.70,0.00,-3.66,27.70,8.00
3.50,-0.20,0.00,0.00,0.00,180.00,1.62,-12.50,-0.50,-36.00,-630.00,0.00,-38.54,-663.35,0.00,2.54,33.35,8.00
3.50,-0.20,0.00,0.00,0.00,200.00,1.56,-14.38,-0.44,-40.00,-700.00,0.00,-28.26,-765.53,0.00,-11.74,65.53,8.00
3.50,-0.20,0.00,0.00,0.00,200.00,2.06,-14.94,-0.56,-40.00,-700.00,0.00,-51.30,-792.03,0.00,11.30,92.03,8.00
3.50,-0.20,0.00,0.00,0.00,200.00,1.69,-13.62,-0.50,-40.00,-700.00,0.00,-37.53,-723.81,0.00,-2.47,23.81,8.00
3.50,-0.20,0.00,0.00,0.00,220.00,2.06,-15.50,-0.56,-44.00,-770.00,0.00,-49.32,-822.47,0.00,5.32,52.47,8.00
3.50,-0.20,0.00,0.00,0.00,220.00,2.00,-15.44,-1.25,-44.00,-770.00,0.00,-54.98,-816.58,0.00,10.98,46.58,8.00
3.50,-0.20,0.00,0.00,0.00,220.00,1.94,-15.44,-1.00,-44.00,-770.00,0.00,-49.00,-818.08,0.00,5.00,48.08,8.00
3.10,0.40,0.00,0.00,0.00,20.00,0.00,-0.81,0.00,8.00,-62.00,0.00,2.85,-43.98,0.00,5.15,-18.02,9.00
3.10,0.40,0.00,0.00,0.00,20.00,-0.06,-0.81,0.00,8.00,-62.00,0.00,5.79,-44.40,0.00,2.21,-17.60,9.00
3.10,0.40,0.00,0.00,0.00,20.00,0.00,-0.94,0.00,8.00,-62.00,0.00,3.29,-50.74,0.00,4.71,-11.26,9.00
3.10,0.40,0.00,0.00,0.00,40.00,-0.19,-2.00,-0.06,16.00,-124.00,0.00,15.07,-109.26,0.00,0.93,-14.74,9.00
3.10,0.40,0.00,0.00,0.00,40.00,-0.12,-1.88,-0.06,16.00,-124.00,0.00,11.70,-102.07,0.00,4.30,-21.93,9.00
3.10,0.40,0.00,0.00,0.00,40.00,-0.12,-1.81,-0.06,16.00,-124.00,0.00,11.48,-98.69,0.00,4.52,-25.31,9.00
3.10,0.40,0.00,0.00,0.00,60.00,-0.19,-2.94,-0.12,24.00,-186.00,0.00,17.60,-159.74,0.00,6.40,-26.26,9.00
3.10,0.40,0.00,0.00,0.00,60.00,-0.25,-2.75,-0.12,24.00,-186.00,0.00,19.88,-150.02,0.00,4.12,-35.98,9.00
3.10,0.40,0.00,0.00,0.00,60.00,-0.25,-3.00,-0.12,24.00,-186.00,0.00,20.76,-163.55,0.00,3.24,-22.45,9.00
3.10,0.40,0.00,0.00,0.00,80.00,-0.31,-3.75,-0.06,32.00,-248.00,0.00,27.09,-204.84,0.00,4.91,-43.16,9.00
3.10,0.40,0.00,0.00,0.00,80.00,-0.25,-3.88,-0.19,32.00,-248.00,0.00,23.07,-210.64,0.00,8.93,-37.36,9.00
3.10,0.40,0.00,0.00,0.00,80.00,-0.19,-3.81,-0.19,32.00,-248.00,0.00,19.91,-206.83,0.00,12.09,-41.17,9.00
3.10,0.40,0.00,0.00,0.00,100.00,-0.31,-5.12,-0.19,40.00,-310.00,0.00,30.40,-278.72,0.00,9.60,-31.28,9.00
3.10,0.40,0.00,0.00,0.00,100.00,-0.25,-5.00,-0.12,40.00,-310.00,0.00,27.78,-271.80,0.00,12.22,-38.20,9.00
3.10,0.40,0.00,0.00,0.00,100.00,-0.25,-5.00,-0.19,40.00,-310.00,0.00,27.02,-271.53,0.00,12.98,-38.47,9.00
3.10,0.40,0.00,0.00,0.00,120.00,-0.38,-5.88,-0.19,48.00,-372.00,0.00,35.97,-319.74,0.00,12.03,-52.26,9.00
3.10,0.40,0.00,0.00,0.00,120.00,-0.44,-6.19,-0.25,48.00,-372.00,0.00,39.24,-336.82,0.00,8.76,-35.18,9.00
3.10,0.40,0.00,0.00,0.00,120.00,-0.19,-6.50,-0.25,48.00,-372.00,0.00,28.59,-352.03,0.00,19.41,-19.97,9.00
3.10,0.40,0.00,0.00,0.00,140.00,-0.44,-7.31,-0.31,56.00,-434.00,0.00,42.43,-397.44,0.00,13.57,-36.56,9.00
3.10,0.40,0.00,0.00,0.00,140.00,-0.31,-7.50,-0.31,56.00,-434.00,0.00,37.21,-406.74,0.00,18.79,-27.26,9.00
3.10,0.40,0.00,0.00,0.00,140.00,-0.56,-8.06,-0.31,56.00,-434.00,0.00,50.93,-438.89,0.00,5.07,4.89,9.00
3.10,0.40,0.00,0.00,0.00,160.00,-0.69,-8.88,-0.38,64.00,-496.00,0.00,58.90,-483.45,0.00,5.10,-12.55,9.00
3.10,0.40,0.00,0.00,0.00,160.00,-0.44,-8.88,-0.38,64.00,-496.00,0.00,47.15,-481.75,0.00,16.85,-14.25,9.00
3.10,0.40,0.00,0.00,0.00,160.00,-0.50,-8.00,-0.31,64.00,-496.00,0.00,47.78,-435.08,0.00,16.22,-60.92,9.00
3.10,0.40,0.00,0.00,0.00,180.00,-0.69,-10.06,-0.31,72.00,-558.00,0.00,63.83,-547.99,0.00,8.17,-10.01,9.00
3.10,0.40,0.00,0.00,0.00,180.00,-0.81,-10.44,-0.38,72.00,-558.00,0.00,70.26,-568.87,0.00,1.74,10.87,9.00
3.10,0.40,0.00,0.00,0.00,180.00,-0.44,-10.00,-0.50,72.00,-558.00,0.00,49.58,-542.10,0.00,22.42,-15.90,9.00
3.10,0.40,0.00,0.00,0.00,200.00,-0.69,-11.00,-0.38,80.00,-620.00,0.00,66.36,-598.47,0.00,13.64,-21.53,9.00
3.10,0.40,0.00,0.00,0.00,200.00,-0.69,-11.62,-0.38,80.00,-620.00,0.00,68.56,-632.30,0.00,11.44,12.30,9.00
3.10,0.40,0.00,0.00,0.00,200.00,-0.69,-11.44,-0.44,80.00,-620.00,0.00,67.14,-621.88,0.00,12.86,1.88,9.00
3.10,0.40,0.00,0.00,0.00,220.00,-0.94,-13.44,-0.50,88.00,-682.00,0.00,85.14,-731.57,0.00,2.86,49.57,9.00
3.10,0.40,0.00,0.00,0.00,220.00,-0.81,-12.88,-0.44,88.00,-682.00,0.00,78.06,-700.54,0.00,9.94,18.54,9.00
3.10,0.40,0.00,0.00,0.00,220.00,-0.75,-13.19,-0.56,88.00,-682.00,0.00,74.70,-716.49,0.00,13.30,34.49,9.00
3.10,0.40,0.00,0.00,0.00,240.00,-1.00,-13.44,-1.31,96.00,-744.00,0.00,78.18,-728.53,0.00,17.82,-15.47,9.00
3.10,0.40,0.00,0.00,0.00,240.00,-0.75,-13.94,-0.50,96.00,-744.00,0.00,78.09,-757.35,0.00,17.91,13.35,9.00
3.10,0.40,0.00,0.00,0.00,240.00,-0.94,-14.94,-0.50,96.00,-744.00,0.00,90.41,-812.76,0.00,5.59,68.76,9.00
3.10,0.40,0.00,0.00,0.00,260.00,-1.00,-16.00,-0.62,104.00,-806.00,0.00,95.56,-870.16,0.00,8.44,64.16,9.00
3.10,0.40,0.00,0.00,0.00,260.00,-0.94,-15.94,-0.62,104.00,-806.00,0.00,92.40,-866.35,0.00,11.60,60.35,9.00
3.10,0.40,0.00,0.00,0.00,260.00,-1.06,-16.25,-0.75,104.00,-806.00,0.00,97.85,-883.58,0.00,6.15,77.58,9.00
3.10,0.10,0.00,0.00,0.00,20.00,0.00,-0.75,0.00,2.00,-62.00,0.00,2.63,-40.59,0.00,-0.63,-21.41,10.00
3.10,0.10,0.00,0.00,0.00,20.00,0.00,-0.94,-0.06,2.00,-62.00,0.00,2.53,-50.48,0.00,-0.53,-11.52,10.00
3.10,0.10,0.00,0.00,0.00,20.00,0.00,-0.62,-0.06,2.00,-62.00,0.00,1.43,-33.56,0.00,0.57,-28.44,10.00
3.10,0.10,0.00,0.00,0.00,40.00,0.06,-1.81,-0.06,4.00,-124.00,0.00,2.67,-97.41,0.00,1.33,-26.59,10.00
3.10,0.10,0.00,0.00,0.00,40.00,0.06,-2.06,-0.06,4.00,-124.00,0.00,3.55,-110.94,0.00,0.45,-13.06,10.00
3.10,0.10,0.00,0.00,0.00,40.00,0.00,-1.69,0.00,4.00,-124.00,0.00,5.93,-91.34,0.00,-1.93,-32.66,10.00
3.10,0.10,0.00,0.00,0.00,60.00,0.06,-2.75,-0.06,6.00,-186.00,0.00,5.96,-148.15,0.00,0.04,-37.85,10.00
3.10,0.10,0.00,0.00,0.00,60.00,0.00,-3.00,0.00,6.00,-186.00,0.00,10.54,-162.38,0.00,-4.54,-23.62,10.00
3.10,0.10,0.00,0.00,0.00,60.00,0.00,-2.75,-0.06,6.00,-186.00,0.00,8.90,-148.58,0.00,-2.90,-37.42,10.00
3.10,0.10,0.00,0.00,0.00,80.00,0.00,-3.38,-0.12,8.00,-248.00,0.00,10.33,-182.14,0.00,-2.33,-65.86,10.00
3.10,0.10,0.00,0.00,0.00,80.00,0.06,-3.88,-0.12,8.00,-248.00,0.00,9.15,-208.78,0.00,-1.15,-39.22,10.00
3.10,0.10,0.00,0.00,0.00,80.00,0.06,-3.81,-0.12,8.00,-248.00,0.00,8.93,-205.39,0.00,-0.93,-42.61,10.00
3.10,0.10,0.00,0.00,0.00,100.00,0.12,-4.75,-0.19,10.00,-310.00,0.00,8.52,-255.44,0.00,1.48,-54.56,10.00
3.10,0.10,0.00,0.00,0.00,100.00,0.12,-4.94,-0.19,10.00,-310.00,0.00,9.18,-265.59,0.00,0.82,-44.41,10.00
3.10,0.10,0.00,0.00,0.00,100.00,0.00,-4.62,-1.12,10.00,-310.00,0.00,2.54,-245.53,0.00,7.46,-64.47,10.00
3.10,0.10,0.00,0.00,0.00,120.00,0.19,-5.00,-0.19,12.00,-372.00,0.00,6.47,-268.55,0.00,5.53,-103.45,10.00
3.10,0.10,0.00,0.00,0.00,120.00,0.19,-6.25,-0.12,12.00,-372.00,0.00,11.62,-336.47,0.00,0.38,-35.53,10.00
3.10,0.10,0.00,0.00,0.00,120.00,0.12,-6.00,-0.25,12.00,-372.00,0.00,12.15,-322.83,0.00,-0.15,-49.17,10.00
3.10,0.10,0.00,0.00,0.00,140.00,0.25,-7.56,-0.31,14.00,-434.00,0.00,11.01,-406.28,0.00,2.99,-27.72,10.00
3.10,0.10,0.00,0.00,0.00,140.00,0.12,-7.50,-0.25,14.00,-434.00,0.00,17.42,-404.02,0.00,-3.42,-29.98,10.00
3.10,0.10,0.00,0.00,0.00,140.00,0.19,-7.56,-0.31,14.00,-434.00,0.00,13.94,-406.71,0.00,0.06,-27.29,10.00
3.10,0.10,0.00,0.00,0.00,160.00,0.25,-8.56,-0.31,16.00,-496.00,0.00,14.52,-460.41,0.00,1.48,-35.59,10.00
3.10,0.10,0.00,0.00,0.00,160.00,0.31,-8.69,-0.31,16.00,-496.00,0.00,12.02,-466.75,0.00,3.98,-29.25,10.00
3.10,0.10,0.00,0.00,0.00,160.00,0.25,-8.75,-0.81,16.00,-496.00,0.00,9.09,-468.42,0.00,6.91,-27.58,10.00
3.10,0.10,0.00,0.00,0.00,180.00,0.31,-10.38,-0.38,18.00,-558.00,0.00,17.18,-557.82,0.00,0.82,-0.18,10.00
3.10,0.10,0.00,0.00,0.00,180.00,0.25,-9.94,-0.38,18.00,-558.00,0.00,18.58,-534.56,0.00,-0.58,-23.44,10.00
3.10,0.10,0.00,0.00,0.00,180.00,0.31,-9.88,-0.38,18.00,-558.00,0.00,15.43,-530.76,0.00,2.57,-27.24,10.00
3.10,0.10,0.00,0.00,0.00,200.00,0.31,-11.19,-0.38,20.00,-620.00,0.00,20.04,-601.80,0.00,-0.04,-18.20,10.00
3.10,0.10,0.00,0.00,0.00,200.00,0.44,-11.25,-0.44,20.00,-620.00,0.00,13.62,-604.06,0.00,6.38,-15.94,10.00
3.10,0.10,0.00,0.00,0.00,200.00,0.44,-11.75,-0.50,20.00,-620.00,0.00,14.62,-630.85,0.00,5.38,10.85,10.00
3.10,0.10,0.00,0.00,0.00,220.00,0.38,-12.88,-0.56,22.00,-682.00,0.00,20.74,-691.91,0.00,1.26,9.91,10.00
3.10,0.10,0.00,0.00,0.00,220.00,0.44,-12.25,-0.44,22.00,-682.00,0.00,17.14,-658.18,0.00,4.86,-23.82,10.00
3.10,0.10,0.00,0.00,0.00,220.00,0.38,-13.38,-0.62,22.00,-682.00,0.00,21.74,-718.70,0.00,0.26,36.70,10.00
3.10,0.10,0.00,0.00,0.00,240.00,0.38,-12.81,-0.88,24.00,-744.00,0.00,16.72,-687.19,0.00,7.28,-56.81,10.00
3.10,0.10,0.00,0.00,0.00,240.00,0.56,-15.25,-0.38,24.00,-744.00,0.00,22.56,-819.97,0.00,1.44,75.97,10.00
3.10,0.10,0.00,0.00,0.00,240.00,0.50,-15.00,-0.44,24.00,-744.00,0.00,23.86,-806.60,0.00,0.14,62.60,10.00
3.10,0.10,0.00,0.00,0.00,260.00,0.44,-16.00,-0.56,26.00,-806.00,0.00,28.78,-860.62,0.00,-2.78,54.62,10.00
3.10,0.10,0.00,0.00,0.00,260.00,0.62,-16.00,-1.38,26.00,-806.00,0.00,10.08,-855.87,0.00,15.92,49.87,10.00
3.10,0.10,0.00,0.00,0.00,260.00,0.62,-16.56,-1.00,26.00,-806.00,0.00,16.62,-887.92,0.00,9.38,81.92,10.00
3.10,0.10,0.00,0.00,0.00,280.00,0.62,-17.19,-1.12,28.00,-868.00,0.00,17.29,-921.21,0.00,10.71,53.21,10.00
3.10,0.10,0.00,0.00,0.00,280.00,0.69,-16.62,-1.75,28.00,-868.00,0.00,4.77,-887.67,0.00,23.23,19.67,10.00
3.10,0.10,0.00,0.00,0.00,280.00,0.62,-17.00,-1.31,28.00,-868.00,0.00,14.35,-910.26,0.00,13.65,42.26,10.00
3.10,-0.20,0.00,0.00,0.00,20.00,0.12,-0.88,0.00,-4.00,-62.00,0.00,-2.80,-46.51,0.00,-1.20,-15.49,11.00
3.10,-0.20,0.00,0.00,0.00,20.00,0.19,-0.94,0.00,-4.00,-62.00,0.00,-5.52,-49.46,0.00,1.52,-12.54,11.00
3.10,-0.20,0.00,0.00,0.00,20.00,0.12,-0.81,0.00,-4.00,-62.00,0.00,-3.02,-43.12,0.00,-0.98,-18.88,11.00
3.10,-0.20,0.00,0.00,0.00,40.00,0.31,-1.81,-0.06,-8.00,-124.00,0.00,-9.08,-95.70,0.00,1.08,-28.30,11.00
3.10,-0.20,0.00,0.00,0.00,40.00,0.25,-1.81,-0.06,-8.00,-124.00,0.00,-6.14,-96.13,0.00,-1.86,-27.87,11.00
3.10,-0.20,0.00,0.00,0.00,40.00,0.19,-1.81,0.00,-8.00,-124.00,0.00,-2.44,-96.82,0.00,-5.56,-27.18,11.00
3.10,-0.20,0.00,0.00,0.00,60.00,0.44,-3.06,-0.12,-12.00,-186.00,0.00,-11.32,-162.24,0.00,-0.68,-23.76,11.00
3.10,-0.20,0.00,0.00,0.00,60.00,0.38,-2.75,-0.06,-12.00,-186.00,0.00,-8.72,-146.02,0.00,-3.28,-39.98,11.00
3.10,-0.20,0.00,0.00,0.00,60.00,0.50,-2.94,-0.06,-12.00,-186.00,0.00,-13.94,-155.32,0.00,1.94,-30.68,11.00
3.10,-0.20,0.00,0.00,0.00,80.00,0.38,-3.38,-0.12,-16.00,-248.00,0.00,-7.29,-179.58,0.00,-8.71,-68.42,11.00
3.10,-0.20,0.00,0.00,0.00,80.00,0.56,-3.75,-0.06,-16.00,-248.00,0.00,-14.02,-198.87,0.00,-1.98,-49.13,11.00
3.10,-0.20,0.00,0.00,0.00,80.00,0.50,-3.94,-0.19,-16.00,-248.00,0.00,-11.95,-208.91,0.00,-4.05,-39.09,11.00
3.10,-0.20,0.00,0.00,0.00,100.00,0.94,-5.25,-0.12,-20.00,-310.00,0.00,-27.13,-277.23,0.00,7.13,-32.77,11.00
3.10,-0.20,0.00,0.00,0.00,100.00,0.75,-4.81,-0.38,-20.00,-310.00,0.00,-22.90,-253.76,0.00,2.90,-56.24,11.00
3.10,-0.20,0.00,0.00,0.00,100.00,0.69,-5.19,-0.12,-20.00,-310.00,0.00,-15.61,-275.55,0.00,-4.39,-34.45,11.00
3.10,-0.20,0.00,0.00,0.00,120.00,0.94,-6.38,-0.19,-24.00,-372.00,0.00,-23.94,-337.85,0.00,-0.06,-34.15,11.00
3.10,-0.20,0.00,0.00,0.00,120.00,0.88,-6.12,-0.19,-24.00,-372.00,0.00,-21.88,-324.75,0.00,-2.12,-47.25,11.00
3.10,-0.20,0.00,0.00,0.00,120.00,0.94,-6.12,-0.25,-24.00,-372.00,0.00,-25.58,-324.06,0.00,1.58,-47.94,11.00
3.10,-0.20,0.00,0.00,0.00,140.00,1.12,-7.06,-0.25,-28.00,-434.00,0.00,-31.10,-373.52,0.00,3.10,-60.48,11.00
3.10,-0.20,0.00,0.00,0.00,140.00,1.06,-7.00,-0.25,-28.00,-434.00,0.00,-28.38,-370.56,0.00,0.38,-63.44,11.00
3.10,-0.20,0.00,0.00,0.00,140.00,1.25,-7.69,-0.25,-28.00,-434.00,0.00,-34.78,-406.50,0.00,6.78,-27.50,11.00
3.10,-0.20,0.00,0.00,0.00,160.00,1.38,-8.75,-0.38,-32.00,-496.00,0.00,-38.44,-462.62,0.00,6.44,-33.38,11.00
3.10,-0.20,0.00,0.00,0.00,160.00,1.19,-8.38,-0.31,-32.00,-496.00,0.00,-30.19,-443.87,0.00,-1.81,-52.13,11.00
3.10,-0.20,0.00,0.00,0.00,160.00,1.38,-9.06,-0.38,-32.00,-496.00,0.00,-37.34,-479.53,0.00,5.34,-16.47,11.00
3.10,-0.20,0.00,0.00,0.00,180.00,1.75,-10.31,-1.19,-36.00,-558.00,0.00,-60.47,-541.16,0.00,24.47,-16.84,11.00
3.10,-0.20,0.00,0.00,0.00,180.00,1.44,-9.44,-0.38,-36.00,-558.00,0.00,-38.96,-499.40,0.00,2.96,-58.60,11.00
3.10,-0.20,0.00,0.00,0.00,180.00,1.56,-10.06,-0.25,-36.00,-558.00,0.00,-41.12,-532.91,0.00,5.12,-25.09,11.00
3.10,-0.20,0.00,0.00,0.00,200.00,1.94,-11.81,-0.31,-40.00,-620.00,0.00,-53.35,-624.81,0.00,13.35,4.81,11.00
3.10,-0.20,0.00,0.00,0.00,200.00,1.75,-11.25,-0.38,-40.00,-620.00,0.00,-47.28,-595.37,0.00,7.28,-24.63,11.00
3.10,-0.20,0.00,0.00,0.00,200.00,1.94,-11.56,-0.38,-40.00,-620.00,0.00,-54.99,-611.01,0.00,14.99,-8.99,11.00
3.10,-0.20,0.00,0.00,0.00,220.00,0.12,-12.81,-1.56,-44.00,-682.00,0.00,20.09,-685.96,0.00,-64.09,3.96,11.00
3.10,-0.20,0.00,0.00,0.00,220.00,0.25,-13.00,-0.94,-44.00,-682.00,0.00,22.49,-697.92,0.00,-66.49,15.92,11.00
3.10,-0.20,0.00,0.00,0.00,220.00,0.19,-12.88,-1.12,-44.00,-682.00,0.00,22.70,-690.78,0.00,-66.70,8.78,11.00
3.10,-0.20,0.00,0.00,0.00,240.00,0.56,-14.75,-0.56,-48.00,-744.00,0.00,18.52,-792.11,0.00,-66.52,48.11,11.00
3.10,-0.20,0.00,0.00,0.00,240.00,0.62,-14.56,-1.06,-48.00,-744.00,0.00,8.83,-779.40,0.00,-56.83,35.40,11.00
3.10,-0.20,0.00,0.00,0.00,240.00,0.38,-14.50,-1.88,-48.00,-744.00,0.00,10.46,-774.26,0.00,-58.46,30.26,11.00
3.10,-0.20,0.00,0.00,0.00,260.00,0.81,-16.38,-1.00,-52.00,-806.00,0.00,7.15,-876.49,0.00,-59.15,70.49,11.00
3.10,-0.20,0.00,0.00,0.00,260.00,0.94,-16.75,-0.25,-52.00,-806.00,0.00,11.73,-899.14,0.00,-63.73,93.14,11.00
3.10,-0.20,0.00,0.00,0.00,260.00,0.88,-16.44,-0.94,-52.00,-806.00,0.00,5.20,-879.72,0.00,-57.20,73.72,11.00
2.60,0.40,0.00,0.00,0.00,20.00,-0.12,-0.62,0.00,8.00,-52.00,0.00,8.07,-34.68,0.00,-0.07,-17.32,12.00
2.60,0.40,0.00,0.00,0.00,20.00,-0.06,-0.62,-0.06,8.00,-52.00,0.00,4.37,-33.99,0.00,3.63,-18.01,12.00
2.60,0.40,0.00,0.00,0.00,20.00,-0.12,-0.75,0.00,8.00,-52.00,0.00,8.51,-41.45,0.00,-0.51,-10.55,12.00
2.60,0.40,0.00,0.00,0.00,40.00,-0.19,-1.44,-0.19,16.00,-104.00,0.00,11.57,-78.28,0.00,4.43,-25.72,12.00
2.60,0.40,0.00,0.00,0.00,40.00,-0.19,-1.44,-0.06,16.00,-104.00,0.00,13.10,-78.82,0.00,2.90,-25.18,12.00
2.60,0.40,0.00,0.00,0.00,40.00,-0.19,-1.38,-0.06,16.00,-104.00,0.00,12.88,-75.43,0.00,3.12,-28.57,12.00
2.60,0.40,0.00,0.00,0.00,60.00,-0.38,-2.12,-0.12,24.00,-156.00,0.00,23.56,-117.04,0.00,0.44,-38.96,12.00
2.60,0.40,0.00,0.00,0.00,60.00,-0.38,-2.12,-0.12,24.00,-156.00,0.00,23.56,-117.04,0.00,0.44,-38.96,12.00
2.60,0.40,0.00,0.00,0.00,60.00,-0.25,-2.12,-0.12,24.00,-156.00,0.00,17.69,-116.19,0.00,6.31,-39.81,12.00
2.60,0.40,0.00,0.00,0.00,80.00,-0.38,-2.88,0.06,32.00,-208.00,0.00,28.48,-158.44,0.00,3.52,-49.56,12.00
2.60,0.40,0.00,0.00,0.00,80.00,-0.31,-3.00,-0.38,32.00,-208.00,0.00,20.65,-162.91,0.00,11.35,-45.09,12.00
2.60,0.40,0.00,0.00,0.00,80.00,-0.31,-2.81,-0.19,32.00,-208.00,0.00,22.27,-153.56,0.00,9.73,-54.44,12.00
2.60,0.40,0.00,0.00,0.00,100.00,-0.44,-3.69,-0.19,40.00,-260.00,0.00,31.22,-201.77,0.00,8.78,-58.23,12.00
2.60,0.40,0.00,0.00,0.00,100.00,-0.38,-3.50,-0.12,40.00,-260.00,0.00,28.39,-191.46,0.00,11.61,-68.54,12.00
2.60,0.40,0.00,0.00,0.00,100.00,-0.50,-3.75,-0.12,40.00,-260.00,0.00,35.14,-205.85,0.00,4.86,-54.15,12.00
2.60,0.40,0.00,0.00,0.00,120.00,-0.38,-4.44,-0.25,48.00,-312.00,0.00,30.16,-241.67,0.00,17.84,-70.33,12.00
2.60,0.40,0.00,0.00,0.00,120.00,-0.50,-4.88,-0.19,48.00,-312.00,0.00,38.33,-266.47,0.00,9.67,-45.53,12.00
2.60,0.40,0.00,0.00,0.00,120.00,-0.56,-4.88,-0.50,48.00,-312.00,0.00,37.46,-265.56,0.00,10.54,-46.44,12.00
2.60,0.40,0.00,0.00,0.00,140.00,-0.50,-5.19,-0.62,56.00,-364.00,0.00,34.10,-281.52,0.00,21.90,-82.48,12.00
2.60,0.40,0.00,0.00,0.00,140.00,-0.69,-5.56,-0.12,56.00,-364.00,0.00,50.31,-305.23,0.00,5.69,-58.77,12.00
2.60,0.40,0.00,0.00,0.00,140.00,-0.69,-5.50,-0.25,56.00,-364.00,0.00,48.57,-301.31,0.00,7.43,-62.69,12.00
2.60,0.40,0.00,0.00,0.00,160.00,-0.62,-6.06,-0.31,64.00,-416.00,0.00,46.85,-331.06,0.00,17.15,-84.94,12.00
2.60,0.40,0.00,0.00,0.00,160.00,-0.81,-6.56,-0.31,64.00,-416.00,0.00,57.41,-359.41,0.00,6.59,-56.59,12.00
2.60,0.40,0.00,0.00,0.00,160.00,-0.88,-6.50,-0.31,64.00,-416.00,0.00,60.13,-356.45,0.00,3.87,-59.55,12.00
2.60,0.40,0.00,0.00,0.00,180.00,-1.06,-7.50,-0.25,72.00,-468.00,0.00,73.21,-412.12,0.00,-1.21,-55.88,12.00
2.60,0.40,0.00,0.00,0.00,180.00,-0.88,-7.50,-0.50,72.00,-468.00,0.00,61.36,-409.77,0.00,10.64,-58.23,12.00
2.60,0.40,0.00,0.00,0.00,180.00,-0.69,-7.62,-0.38,72.00,-468.00,0.00,54.51,-415.79,0.00,17.49,-52.21,12.00
2.60,0.40,0.00,0.00,0.00,200.00,-1.00,-7.94,-0.62,80.00,-520.00,0.00,67.24,-433.77,0.00,12.76,-86.23,12.00
2.60,0.40,0.00,0.00,0.00,200.00,-1.06,-8.69,-0.06,80.00,-520.00,0.00,79.67,-477.20,0.00,0.33,-42.80,12.00
2.60,0.40,0.00,0.00,0.00,200.00,-1.00,-8.62,-0.31,80.00,-520.00,0.00,73.46,-472.32,0.00,6.54,-47.68,12.00
2.60,0.40,0.00,0.00,0.00,220.00,-1.25,-9.50,-0.44,88.00,-572.00,0.00,86.76,-520.85,0.00,1.24,-51.15,12.00
2.60,0.40,0.00,0.00,0.00,220.00,-1.12,-9.62,-0.44,88.00,-572.00,0.00,81.33,-526.76,0.00,6.67,-45.24,12.00
2.60,0.40,0.00,0.00,0.00,220.00,-1.06,-9.62,-0.12,88.00,-572.00,0.00,82.20,-527.67,0.00,5.80,-44.33,12.00
2.60,0.40,0.00,0.00,0.00,240.00,-1.25,-10.56,-0.12,96.00,-624.00,0.00,94.30,-579.69,0.00,1.70,-44.31,12.00
2.60,0.40,0.00,0.00,0.00,240.00,-1.38,-10.44,-1.00,96.00,-624.00,0.00,89.07,-570.04,0.00,6.93,-53.96,12.00
2.60,0.40,0.00,0.00,0.00,240.00,-1.19,-10.44,-0.44,96.00,-624.00,0.00,87.12,-571.17,0.00,8.88,-52.83,12.00
2.60,0.40,0.00,0.00,0.00,260.00,-1.38,-11.44,-0.50,104.00,-676.00,0.00,98.68,-626.30,0.00,5.32,-49.70,12.00
2.60,0.40,0.00,0.00,0.00,260.00,-1.38,-11.81,-0.50,104.00,-676.00,0.00,99.99,-646.60,0.00,4.01,-29.40,12.00
2.60,0.40,0.00,0.00,0.00,260.00,-1.38,-12.06,-1.12,104.00,-676.00,0.00,93.26,-657.46,0.00,10.74,-18.54,12.00
2.60,0.40,0.00,0.00,0.00,280.00,-1.44,-13.00,-1.12,112.00,-728.00,0.00,99.49,-708.63,0.00,12.51,-19.37,12.00
2.60,0.40,0.00,0.00,0.00,280.00,-1.56,-13.44,-0.81,112.00,-728.00,0.00,110.70,-734.50,0.00,1.30,6.50,12.00
2.60,0.40,0.00,0.00,0.00,280.00,-1.25,-13.50,-0.56,112.00,-728.00,0.00,99.29,-736.82,0.00,12.71,8.82,12.00
2.60,0.40,0.00,0.00,0.00,300.00,-1.62,-14.62,-0.56,120.00,-780.00,0.00,120.85,-800.27,0.00,-0.85,20.27,12.00
2.60,0.40,0.00,0.00,0.00,300.00,-1.38,-14.50,-0.75,120.00,-780.00,0.00,106.39,-791.00,0.00,13.61,11.00,12.00
2.60,0.40,0.00,0.00,0.00,300.00,-1.56,-14.44,-0.69,120.00,-780.00,0.00,115.74,-789.16,0.00,4.26,9.16,12.00
2.60,0.10,0.00,0.00,0.00,20.00,0.00,-0.56,0.00,2.00,-52.00,0.00,1.98,-30.45,0.00,0.02,-21.55,13.00
2.60,0.10,0.00,0.00,0.00,20.00,0.06,-0.69,0.00,2.00,-52.00,0.00,-0.52,-36.78,0.00,2.52,-15.22,13.00
2.60,0.10,0.00,0.00,0.00,20.00,0.00,-0.69,0.00,2.00,-52.00,0.00,2.41,-37.21,0.00,-0.41,-14.79,13.00
2.60,0.10,0.00,0.00,0.00,40.00,0.06,-1.62,-0.06,4.00,-104.00,0.00,2.01,-87.26,0.00,1.99,-16.74,13.00
2.60,0.10,0.00,0.00,0.00,40.00,0.06,-1.50,-0.06,4.00,-104.00,0.00,1.57,-80.49,0.00,2.43,-23.51,13.00
2.60,0.10,0.00,0.00,0.00,40.00,0.06,-1.50,-0.06,4.00,-104.00,0.00,1.57,-80.49,0.00,2.43,-23.51,13.00
2.60,0.10,0.00,0.00,0.00,60.00,0.12,-2.25,-0.06,6.00,-156.00,0.00,1.27,-120.66,0.00,4.73,-35.34,13.00
2.60,0.10,0.00,0.00,0.00,60.00,0.19,-2.19,-0.06,6.00,-156.00,0.00,-1.89,-116.85,0.00,7.89,-39.15,13.00
2.60,0.10,0.00,0.00,0.00,60.00,0.06,-2.12,0.00,6.00,-156.00,0.00,4.53,-114.59,0.00,1.47,-41.41,13.00
2.60,0.10,0.00,0.00,0.00,80.00,0.25,-3.06,-0.12,8.00,-208.00,0.00,-2.51,-163.52,0.00,10.51,-44.48,13.00
2.60,0.10,0.00,0.00,0.00,80.00,0.19,-2.44,-0.12,8.00,-208.00,0.00,-1.77,-130.12,0.00,9.77,-77.88,13.00
2.60,0.10,0.00,0.00,0.00,80.00,0.19,-2.94,-0.06,8.00,-208.00,0.00,0.75,-157.45,0.00,7.25,-50.55,13.00
2.60,0.10,0.00,0.00,0.00,100.00,0.19,-3.75,-0.06,10.00,-260.00,0.00,3.60,-201.42,0.00,6.40,-58.58,13.00
2.60,0.10,0.00,0.00,0.00,100.00,0.19,-3.88,-0.06,10.00,-260.00,0.00,4.04,-208.19,0.00,5.96,-51.81,13.00
2.60,0.10,0.00,0.00,0.00,100.00,0.19,-3.69,-0.12,10.00,-260.00,0.00,2.62,-197.77,0.00,7.38,-62.23,13.00
2.60,0.10,0.00,0.00,0.00,120.00,0.31,-4.69,-0.62,12.00,-312.00,0.00,-5.83,-248.91,0.00,17.83,-63.09,13.00
2.60,0.10,0.00,0.00,0.00,120.00,0.38,-5.00,-0.12,12.00,-312.00,0.00,-1.58,-267.54,0.00,13.58,-44.46,13.00
2.60,0.10,0.00,0.00,0.00,120.00,0.25,-4.88,-0.19,12.00,-312.00,0.00,3.09,-261.36,0.00,8.91,-50.64,13.00
2.60,0.10,0.00,0.00,0.00,140.00,0.38,-5.69,-1.19,14.00,-364.00,0.00,-12.11,-300.21,0.00,26.11,-63.79,13.00
2.60,0.10,0.00,0.00,0.00,140.00,0.19,-5.56,-0.25,14.00,-364.00,0.00,7.68,-298.73,0.00,6.32,-65.27,13.00
2.60,0.10,0.00,0.00,0.00,140.00,0.38,-5.88,0.19,14.00,-364.00,0.00,5.30,-316.23,0.00,8.70,-47.77,13.00
2.60,0.10,0.00,0.00,0.00,160.00,0.38,-6.44,-0.25,16.00,-416.00,0.00,1.94,-344.81,0.00,14.06,-71.19,13.00
2.60,0.10,0.00,0.00,0.00,160.00,0.38,-6.81,-0.31,16.00,-416.00,0.00,2.50,-364.84,0.00,13.50,-51.16,13.00
2.60,0.10,0.00,0.00,0.00,160.00,0.50,-6.69,-0.31,16.00,-416.00,0.00,-3.81,-357.22,0.00,19.81,-58.78,13.00
2.60,0.10,0.00,0.00,0.00,180.00,0.50,-7.88,-0.31,18.00,-468.00,0.00,0.36,-421.49,0.00,17.64,-46.51,13.00
2.60,0.10,0.00,0.00,0.00,180.00,0.56,-8.00,-0.69,18.00,-468.00,0.00,-6.71,-426.23,0.00,24.71,-41.77,13.00
2.60,0.10,0.00,0.00,0.00,180.00,0.56,-7.75,-0.38,18.00,-468.00,0.00,-3.78,-414.03,0.00,21.78,-53.97,13.00
2.60,0.10,0.00,0.00,0.00,200.00,0.50,-8.75,-0.56,20.00,-520.00,0.00,0.38,-467.79,0.00,19.62,-52.21,13.00
2.60,0.10,0.00,0.00,0.00,200.00,0.56,-9.25,-0.69,20.00,-520.00,0.00,-2.32,-493.89,0.00,22.32,-26.11,13.00
2.60,0.10,0.00,0.00,0.00,200.00,0.44,-8.62,-0.31,20.00,-520.00,0.00,5.93,-462.51,0.00,14.07,-57.49,13.00
2.60,0.10,0.00,0.00,0.00,220.00,0.56,-10.25,-0.56,22.00,-572.00,0.00,2.72,-548.55,0.00,19.28,-23.45,13.00
2.60,0.10,0.00,0.00,0.00,220.00,0.38,-9.44,-0.31,22.00,-572.00,0.00,11.72,-506.92,0.00,10.28,-65.08,13.00
2.60,0.10,0.00,0.00,0.00,220.00,0.56,-10.00,-0.44,22.00,-572.00,0.00,3.36,-535.55,0.00,18.64,-36.45,13.00
2.60,0.10,0.00,0.00,0.00,240.00,0.75,-11.44,-0.69,24.00,-624.00,0.00,-3.45,-611.01,0.00,27.45,-12.99,13.00
2.60,0.10,0.00,0.00,0.00,240.00,0.62,-11.25,-0.38,24.00,-624.00,0.00,5.58,-603.05,0.00,18.42,-20.95,13.00
2.60,0.10,0.00,0.00,0.00,240.00,0.62,-11.06,-0.31,24.00,-624.00,0.00,5.68,-593.16,0.00,18.32,-30.84,13.00
2.60,0.10,0.00,0.00,0.00,260.00,0.88,-13.12,-1.00,26.00,-676.00,0.00,-7.20,-700.16,0.00,33.20,24.16,13.00
2.60,0.10,0.00,0.00,0.00,260.00,0.69,-12.31,-1.06,26.00,-676.00,0.00,-2.00,-657.19,0.00,28.00,-18.81,13.00
2.60,0.10,0.00,0.00,0.00,260.00,0.69,-12.56,-0.44,26.00,-676.00,0.00,6.49,-673.39,0.00,19.51,-2.61,13.00
2.60,0.10,0.00,0.00,0.00,280.00,0.75,-13.88,-0.19,28.00,-728.00,0.00,11.21,-745.07,0.00,16.79,17.07,13.00
2.60,0.10,0.00,0.00,0.00,280.00,0.88,-14.25,-2.19,28.00,-728.00,0.00,-17.71,-755.98,0.00,45.71,27.98,13.00
2.60,0.10,0.00,0.00,0.00,280.00,1.00,-14.00,-0.56,28.00,-728.00,0.00,-4.67,-748.53,0.00,32.67,20.53,13.00
2.60,0.10,0.00,0.00,0.00,300.00,1.06,-15.38,-1.00,30.00,-780.00,0.00,-8.11,-820.66,0.00,38.11,40.66,13.00
2.60,0.10,0.00,0.00,0.00,300.00,0.88,-15.38,-1.62,30.00,-780.00,0.00,-6.91,-819.27,0.00,36.91,39.27,13.00
2.60,0.10,0.00,0.00,0.00,300.00,0.81,-15.31,-0.56,30.00,-780.00,0.00,8.75,-820.85,0.00,21.25,40.85,13.00
2.60,0.10,0.00,0.00,0.00,320.00,1.00,-16.12,-0.69,32.00,-832.00,0.00,1.27,-863.02,0.00,30.73,31.02,13.00
2.60,0.10,0.00,0.00,0.00,320.00,1.06,-15.94,-0.69,32.00,-832.00,0.00,-2.32,-852.44,0.00,34.32,20.44,13.00
2.60,0.10,0.00,0.00,0.00,320.00,1.00,-15.44,-0.62,32.00,-832.00,0.00,-0.38,-826.07,0.00,32.38,-5.93,13.00
2.60,-0.20,0.00,0.00,0.00,20.00,0.06,-0.56,0.00,-4.00,-52.00,0.00,-0.96,-30.02,0.00,-3.04,-21.98,14.00
2.60,-0.20,0.00,0.00,0.00,20.00,0.06,-0.69,0.00,-4.00,-52.00,0.00,-0.52,-36.78,0.00,-3.48,-15.22,14.00
2.60,-0.20,0.00,0.00,0.00,20.00,0.06,-0.56,0.00,-4.00,-52.00,0.00,-0.96,-30.02,0.00,-3.04,-21.98,14.00
2.60,-0.20,0.00,0.00,0.00,40.00,0.25,-1.62,0.00,-8.00,-104.00,0.00,-6.04,-86.25,0.00,-1.96,-17.75,14.00
2.60,-0.20,0.00,0.00,0.00,40.00,0.25,-1.44,0.00,-8.00,-104.00,0.00,-6.70,-76.10,0.00,-1.30,-27.90,14.00
2.60,-0.20,0.00,0.00,0.00,40.00,0.31,-1.38,0.00,-8.00,-104.00,0.00,-9.85,-72.29,0.00,1.85,-31.71,14.00
2.60,-0.20,0.00,0.00,0.00,60.00,0.56,-2.12,0.00,-12.00,-156.00,0.00,-18.97,-111.18,0.00,6.97,-44.82,14.00
2.60,-0.20,0.00,0.00,0.00,60.00,0.50,-2.06,-0.12,-12.00,-156.00,0.00,-17.77,-107.69,0.00,5.77,-48.31,14.00
2.60,-0.20,0.00,0.00,0.00,60.00,0.56,-2.06,-0.06,-12.00,-156.00,0.00,-19.95,-107.53,0.00,7.95,-48.47,14.00
2.60,-0.20,0.00,0.00,0.00,80.00,0.81,-3.25,-0.19,-16.00,-208.00,0.00,-29.04,-169.56,0.00,13.04,-38.44,14.00
2.60,-0.20,0.00,0.00,0.00,80.00,0.69,-2.88,-0.12,-16.00,-208.00,0.00,-23.73,-150.39,0.00,7.73,-57.61,14.00
2.60,-0.20,0.00,0.00,0.00,80.00,0.81,-3.31,-1.31,-16.00,-208.00,0.00,-42.53,-168.14,0.00,26.53,-39.86,14.00
2.60,-0.20,0.00,0.00,0.00,100.00,0.81,-3.56,-0.19,-20.00,-260.00,0.00,-27.95,-186.48,0.00,7.95,-73.52,14.00
2.60,-0.20,0.00,0.00,0.00,100.00,0.94,-4.06,-0.06,-20.00,-260.00,0.00,-30.54,-213.22,0.00,10.54,-46.78,14.00
2.60,-0.20,0.00,0.00,0.00,100.00,0.88,-3.88,-0.06,-20.00,-260.00,0.00,-28.26,-203.50,0.00,8.26,-56.50,14.00
2.60,-0.20,0.00,0.00,0.00,120.00,1.00,-4.94,-0.12,-24.00,-312.00,0.00,-31.17,-259.89,0.00,7.17,-52.11,14.00
2.60,-0.20,0.00,0.00,0.00,120.00,1.19,-4.81,-0.19,-24.00,-312.00,0.00,-41.18,-251.58,0.00,17.18,-60.42,14.00
2.60,-0.20,0.00,0.00,0.00,120.00,1.31,-4.94,-0.19,-24.00,-312.00,0.00,-46.61,-257.49,0.00,22.61,-54.51,14.00
2.60,-0.20,0.00,0.00,0.00,140.00,1.50,-6.12,-0.25,-28.00,-364.00,0.00,-52.01,-320.22,0.00,24.01,-43.78,14.00
2.60,-0.20,0.00,0.00,0.00,140.00,1.25,-5.56,-0.25,-28.00,-364.00,0.00,-42.24,-291.48,0.00,14.24,-72.52,14.00
2.60,-0.20,0.00,0.00,0.00,140.00,1.31,-5.12,-0.25,-28.00,-364.00,0.00,-46.71,-267.37,0.00,18.71,-96.63,14.00
2.60,-0.20,0.00,0.00,0.00,160.00,1.69,-7.19,-0.19,-32.00,-416.00,0.00,-56.33,-376.72,0.00,24.33,-39.28,14.00
2.60,-0.20,0.00,0.00,0.00,160.00,1.56,-7.06,-0.19,-32.00,-416.00,0.00,-50.89,-370.80,0.00,18.89,-45.20,14.00
2.60,-0.20,0.00,0.00,0.00,160.00,1.56,-6.88,-0.19,-32.00,-416.00,0.00,-51.55,-360.65,0.00,19.55,-55.35,14.00
2.60,-0.20,0.00,0.00,0.00,180.00,1.75,-7.81,-0.31,-36.00,-468.00,0.00,-58.59,-409.58,0.00,22.59,-58.42,14.00
2.60,-0.20,0.00,0.00,0.00,180.00,1.88,-8.06,-0.31,-36.00,-468.00,0.00,-63.58,-422.26,0.00,27.58,-45.74,14.00
2.60,-0.20,0.00,0.00,0.00,180.00,2.06,-8.75,-0.38,-36.00,-468.00,0.00,-70.74,-457.93,0.00,34.74,-10.07,14.00
2.60,-0.20,0.00,0.00,0.00,200.00,0.06,-8.69,-0.44,-40.00,-520.00,0.00,22.24,-467.92,0.00,-62.24,-52.08,14.00
2.60,-0.20,0.00,0.00,0.00,200.00,0.12,-9.00,-0.25,-40.00,-520.00,0.00,22.69,-485.21,0.00,-62.69,-34.79,14.00
2.60,-0.20,0.00,0.00,0.00,200.00,0.12,-9.25,-0.31,-40.00,-520.00,0.00,22.80,-498.47,0.00,-62.80,-21.53,14.00
2.60,-0.20,0.00,0.00,0.00,220.00,0.25,-9.75,-1.62,-44.00,-572.00,0.00,2.70,-519.08,0.00,-46.70,-52.92,14.00
2.60,-0.20,0.00,0.00,0.00,220.00,0.50,-10.31,-0.69,-44.00,-572.00,0.00,4.35,-551.82,0.00,-48.35,-20.18,14.00
2.60,-0.20,0.00,0.00,0.00,220.00,0.50,-10.62,-0.38,-44.00,-572.00,0.00,9.25,-570.07,0.00,-53.25,-1.93,14.00
2.60,-0.20,0.00,0.00,0.00,240.00,0.94,-11.94,-1.19,-48.00,-624.00,0.00,-16.59,-634.66,0.00,-31.41,10.66,14.00
2.60,-0.20,0.00,0.00,0.00,240.00,0.44,-10.88,-0.69,-48.00,-624.00,0.00,9.26,-582.69,0.00,-57.26,-41.31,14.00
2.60,-0.20,0.00,0.00,0.00,240.00,0.69,-11.81,-1.19,-48.00,-624.00,0.00,-5.28,-629.60,0.00,-42.72,5.60,14.00
2.60,-0.20,0.00,0.00,0.00,260.00,1.19,-13.12,-1.81,-52.00,-676.00,0.00,-31.78,-694.56,0.00,-20.22,18.56,14.00
2.60,-0.20,0.00,0.00,0.00,260.00,1.06,-13.06,-0.50,-52.00,-676.00,0.00,-10.14,-697.63,0.00,-41.86,21.63,14.00
2.60,-0.20,0.00,0.00,0.00,260.00,1.06,-13.19,-0.56,-52.00,-676.00,0.00,-10.46,-704.13,0.00,-41.54,28.13,14.00
2.60,-0.20,0.00,0.00,0.00,280.00,1.12,-13.25,-0.50,-56.00,-728.00,0.00,-12.41,-707.35,0.00,-43.59,-20.65,14.00
2.60,-0.20,0.00,0.00,0.00,280.00,1.38,-14.44,-2.31,-56.00,-728.00,0.00,-42.07,-762.18,0.00,-13.93,34.18,14.00
2.60,-0.20,0.00,0.00,0.00,280.00,1.38,-14.44,-1.00,-56.00,-728.00,0.00,-26.08,-767.79,0.00,-29.92,39.79,14.00
2.60,-0.20,0.00,0.00,0.00,300.00,1.56,-15.38,-0.62,-60.00,-780.00,0.00,-27.03,-818.85,0.00,-32.97,38.85,14.00
2.60,-0.20,0.00,0.00,0.00,300.00,1.50,-15.00,-0.75,-60.00,-780.00,0.00,-26.93,-798.45,0.00,-33.07,18.45,14.00
2.60,-0.20,0.00,0.00,0.00,300.00,1.62,-15.56,-0.56,-60.00,-780.00,0.00,-28.55,-828.84,0.00,-31.45,48.84,14.00
